{
  "ticker": "META",
  "window": 24,
  "columns": [
    "close",
    "return_5m",
    "return_15m",
    "rsi_7"
  ],
  "rows": {
    "close": [
      773.22,
      773.0,
      773.8,
      772.9662,
      773.6,
      772.9,
      772.5701,
      772.5,
      772.4838,
      770.12,
      770.22,
      770.9899,
      769.99,
      769.89,
      770.35,
      770.5,
      769.2,
      769.65,
      769.9,
      769.19,
      769.7,
      769.0,
      768.6264,
      769.0
    ],
    "return_5m": [
      0.0016,
      -0.0003,
      0.001,
      -0.0011,
      0.0008,
      -0.0009,
      -0.0004,
      -0.0001,
      -0.0,
      -0.0031,
      0.0001,
      0.001,
      -0.0013,
      -0.0001,
      0.0006,
      0.0002,
      -0.0017,
      0.0006,
      0.0003,
      -0.0009,
      0.0007,
      -0.0009,
      -0.0005,
      0.0005
    ],
    "return_15m": [
      0.0008,
      0.0001,
      0.0023,
      -0.0003,
      0.0008,
      -0.0012,
      -0.0005,
      -0.0014,
      -0.0005,
      -0.0032,
      -0.003,
      -0.0019,
      -0.0002,
      -0.0004,
      -0.0008,
      0.0007,
      -0.0009,
      -0.0009,
      -0.0008,
      -0.0,
      0.0001,
      -0.0012,
      -0.0007,
      -0.0009
    ],
    "rsi_7": [
      61.3441,
      56.4027,
      63.7392,
      48.5411,
      60.1622,
      49.5334,
      56.0169,
      39.9654,
      42.3725,
      12.8103,
      17.4142,
      19.9982,
      18.7083,
      19.6814,
      27.6498,
      29.9357,
      38.1437,
      43.2621,
      35.3109,
      38.3041,
      47.5196,
      33.4152,
      28.1815,
      47.0302
    ]
  },
  "stats": {
    "close": {
      "mean": 770.9735999999999,
      "std": 1.6718835538098857,
      "min": 768.6264,
      "max": 773.8,
      "last": 769.0
    },
    "return_5m": {
      "mean": -0.00016171437453801267,
      "std": 0.001004616241267626,
      "min": -0.003059999445943,
      "max": 0.0015803108808289,
      "last": 0.0004860618891049
    },
    "return_15m": {
      "mean": -0.0005885300342217192,
      "std": 0.0011415406859970503,
      "min": -0.0031713627022325,
      "max": 0.0023316062176164,
      "last": -0.0009094452384046
    },
    "rsi_7": {
      "mean": 38.97677722570092,
      "std": 14.709672589134495,
      "min": 12.810251435022195,
      "max": 63.73918970722777,
      "last": 47.03017343777271
    }
  }
}